track_name,track_artist,track_album_release_date,playlist_genre
Eternamente Bella,Alejandra Guzman,1990,latin
I Can't Wait Another Minute,Hi-Five,1990,r&b
Unconditional Love,Hi-Five,1990,r&b
Hard To Handle,The Black Crowes,1990,rock
Enjoy the Silence - Single Mix,Depeche Mode,1990,rock
Unskinny Bop,Poison,1990,rock
Merry Go Round,Keith Sweat,1990,r&b
Tiempo De Vals,Chayanne,1990,latin
Fairweather Friend,Johnny Gill,1990,r&b
Rub You The Right Way,Johnny Gill,1990,r&b
Make You Sweat,Keith Sweat,1990,r&b
Completamente Enamorados,Chayanne,1990,latin
She's Playing Hard To Get,Hi-Five,1990,r&b
Qué Hay de Malo,Jerry Rivera,1990,latin
Knockin' Boots,Candyman,1990,rap
The Humpty Dance,Digital Underground,1990,r&b
I Promised Myself,Nick Kamen,1990,pop
Quality Time,Hi-Five,1990,r&b
High Enough,Damn Yankees,1990,rock
What I Like About You,The Romantics,1990,rock
I'll Give All My Love to You,Keith Sweat,1990,r&b
Beside You,Karyn White,1991,r&b
Two Princes,Spin Doctors,1991,rock
Playground,Another Bad Creation,1991,r&b
Tell Me What You Want Me to Do,Tevin Campbell,1991,r&b
Confused,Tevin Campbell,1991,r&b
Get Up Offa That Thing,James Brown,1991,r&b
Hold You Tight,Tara Kemp,1991,r&b
Iesha,Another Bad Creation,1991,r&b
Romantic,Karyn White,1991,r&b
Alone with You,Tevin Campbell,1991,r&b
Diary Of A Madman,Scarface,1991,rap
Don't Remind Me,Damian Dame,1991,r&b
Born and Raised In Compton,DJ Quik,1991,rap
Tonite,DJ Quik,1991,rap
How I Want You,Karyn White,1991,r&b
Strawberry Letter 23,Tevin Campbell,1991,r&b
To Be with You - 2010 Remastered Version,Mr. Big,1991,rock
Rica y Apretadita (feat. Anayka),El General,1991,latin
Right Down to It,Damian Dame,1991,r&b
Try Me,James Brown,1991,r&b
New Jack Hustler (Nino's Theme),Ice-T,1991,rap
Yellow Ledbetter,Pearl Jam,1991,rock
Metalhammer,And One,1991,pop
Why Me Baby?,Keith Sweat,1991,r&b
Mr. Scarface,Scarface,1991,rap
"Now That We Found Love - 7"" Radio",Heavy D & The Boyz,1991,r&b
Love Me To The End,Deine Lakaien,1991,pop
Quik's Groove,DJ Quik,1991,rap
She's All That,Tevin Campbell,1991,r&b
Whack It On Me,Damian Dame,1991,r&b
Money And The Power,Scarface,1991,rap
Alive,Pearl Jam,1991,rock
Keep It Comin',Keith Sweat,1991,r&b
Rhythm Is A Dancer - 12'' Version,SNAP!,1991,pop
Good Vibrations,Marky Mark And The Funky Bunch,1991,r&b
The Way I Feel About You,Karyn White,1991,r&b
My Heart Is Failing Me,Riff,1991,r&b
"It's A Man's, Man's, Man's World",James Brown,1991,r&b
Jus Lyke Compton,DJ Quik,1991,rap
Gotta Learn My Rhythm,Damian Dame,1991,r&b
Round and Round - Soul Mix Edit,Tevin Campbell,1991,r&b
Ill Street Blues (Illest Version),Kool G Rap & DJ Polo,1992,rap
Life Is A Highway,Tom Cochrane,1992,rock
"I Had a Dream, Joe - 2010 Remastered Version",Nick Cave & The Bad Seeds,1992,rock
We Are The Champions,Queen,1992,rock
GAMES,Chuckii Booker,1992,r&b
Jus Lyke Compton,DJ Quik,1992,rap
Happy Days,Silk,1992,r&b
Baby It's You,Silk,1992,r&b
Live and Learn,Joe Public,1992,r&b
Killing In The Name,Rage Against The Machine,1992,rock
Freak Me,Silk,1992,r&b
Anarchy In The UK,Sex Pistols,1992,rock
If You Need Me,Wilson Pickett,1992,r&b
Do You Everynite,Joe Public,1992,r&b
Down 4 Whateva,Nuttin' Nyce,1993,r&b
Hoy - Spanish Version,Gloria Estefan,1993,latin
The Sign,Ace of Base,1993,pop
Gin And Juice (feat. Dat Nigga Daz),Snoop Dogg,1993,rap
Tha Shiznit,Snoop Dogg,1993,rap
Gz And Hustlas (feat. Nancy Fletcher),Snoop Dogg,1993,rap
What Is Love,Haddaway,1993,pop
Laid,James,1993,rock
Murder Was The Case (Death After Visualizing Eternity) (feat. Dat Nigga Daz),Snoop Dogg,1993,rap
The Right Kind of Love,Jeremy Jordan,1993,r&b
The Wall,Scarface,1993,rap
Bump n' Grind,R. Kelly,1993,r&b
"Serial Killa (feat. The D.O.C., Tha Dogg Pound & RBX)",Snoop Dogg,1993,rap
Summer Bunnies,R. Kelly,1993,r&b
"Captain Save a Hoe (feat. The Click, D-Shot, B-Legit & Suga T)",E-40,1993,rap
Suave,Luis Miguel,1993,latin
I Got Cha Opin,Black Moon,1993,rap
Today - Remastered,The Smashing Pumpkins,1993,rock
You Look Like Rain,Morphine,1993,rock
Who Am I (What's My Name)?,Snoop Dogg,1993,rap
Low,Cracker,1993,rock
Mirala Miralo,Alejandra Guzman,1993,latin
Proud Mary,Tina Turner,1993,r&b
Your Body's Callin',R. Kelly,1993,r&b
Who Got Da Props,Black Moon,1993,rap
How Many MC's...,Black Moon,1993,rap
Lodi Dodi (feat. Nancy Fletcher),Snoop Dogg,1993,rap
Now I Feel Ya,Scarface,1993,rap
Doggy Dogg World (feat. The Dramatics & Tha Dogg Pound),Snoop Dogg,1993,rap
Call Me,Deee-Lite,1994,pop
Somethin Serious,Big Mike,1994,rap
Best Friend,Brandy,1994,r&b
Grace,Jeff Buckley,1994,rock
Baby,Brandy,1994,r&b
Miedo,Caifanes,1994,rock
Hand of the Dead Body,Scarface,1994,rap
Try Me Out,Corona,1994,pop
"Hold Me, Thrill Me, Kiss Me",Gloria Estefan,1994,latin
Where I Wanna Be Boy,Miss Jones,1994,r&b
Afuera,Caifanes,1994,rock
Hallelujah,Jeff Buckley,1994,rock
Brokenhearted,Brandy,1994,r&b
I Gotta Clean Up,Marvin Sease,1994,rap
Never Alone,2 Brothers On The 4th Floor,1994,pop
Dreams (Will Come Alive),2 Brothers On The 4th Floor,1994,pop
Foe Tha Love Of $,Bone Thugs-N-Harmony,1994,rap
"Flava in Ya Ear Remix (feat. Notorious B.I.G., L.L. Cool J, Busta Rhymes, Rampage)",Craig Mack,1994,rap
Represent,Nas,1994,rap
Baby Baby,Corona,1994,pop
Last Goodbye,Jeff Buckley,1994,rock
Always on My Mind,Brandy,1994,r&b
The World Is Yours,Nas,1994,rap
High Sidin',N2DEEP,1994,rap
Ayer Me Dijo un Ave,Caifanes,1994,rock
"The More You Ignore Me, the Closer I Get - 2014 Remaster",Morrissey,1994,rock
No More (I Can't Stand It),Maxx,1994,pop
No Tears,Scarface,1994,rap
I Seen a Man Die,Scarface,1994,rap
I Wanna Be Down,Brandy,1994,r&b
Thuggish Ruggish Bone,Bone Thugs-N-Harmony,1994,rap
A Girl Like You,Edwyn Collins,1994,rap
Aviéntame,Caifanes,1994,rock
Get A Way,Maxx,1994,pop
Havin Thangs,Big Mike,1994,rap
Quisiera Ser Alcohol,Caifanes,1994,rock
Experiencia Religiosa,Enrique Iglesias,1995,latin
When Something Is Wrong With My Baby,Sam & Dave,1995,r&b
You Used to Love Me,Faith Evans,1995,r&b
Ironic - 2015 Remaster,Alanis Morissette,1995,pop
Only Happy When It Rains,Garbage,1995,rock
Criminology,Raekwon,1995,rap
Fallin' in Love,Faith Evans,1995,r&b
Brooklyn Zoo,Ol' Dirty Bastard,1995,rap
Heaven & Hell,Raekwon,1995,rap
Shimmy Shimmy Ya,Ol' Dirty Bastard,1995,rap
Sound Bwoy Bureill,Smif-N-Wessun,1995,rap
Stupid Girl,Garbage,1995,rock
"New York, New York",Tha Dogg Pound,1995,rap
Let's Play House,Tha Dogg Pound,1995,rap
Candy Rain,Soul For Real,1995,r&b
Someone to Love,Jon B.,1995,r&b
Concrete Hell,5th Ward Boyz,1995,rap
Bring It All to Me - Single Version,Blaque,1995,r&b
Let It Out,Tha Alkaholiks,1995,rap
Bucktown,Smif-N-Wessun,1995,rap
1979 - Remastered 2012,The Smashing Pumpkins,1995,rock
Every Little Thing I Do,Soul For Real,1995,r&b
La Tierra del Olvido,Carlos Vives,1995,latin
Damage,Ol' Dirty Bastard,1995,rap
"Ice Cream (feat. Ghostface Killah, Method Man & Cappadonna)",Raekwon,1995,rap
Soon as I Get Home,Faith Evans,1995,r&b
Freak Like Me,Adina Howard,1995,r&b
Soy 18 With a Bullet,Spanish Fly,1995,latin
Pa' Mayté,Carlos Vives,1995,latin
Coconut,Harry Nilsson,1995,rock
You're Makin' Me High,Toni Braxton,1996,r&b
Just Got Paid,Johnny Kemp,1996,r&b
One in a Million,Aaliyah,1996,r&b
X,Xzibit,1996,rap
I Can't Live Without You,Angelique,1996,latin
Just a Touch,Keith Sweat,1996,r&b
Got to Have Your Love,Mantronix,1996,r&b
"Bout It, Bout It II",Master P,1996,rap
Fish (feat. Raekwon & Cappadonna),Ghostface Killah,1996,rap
I Give You My Heart,Mr. President,1996,pop
Freak with Me,Keith Sweat,1996,r&b
O Come All Ye Faithful,Kirk Franklin,1996,r&b
For You,Kenny Lattimore,1996,r&b
Pimp Tha Pen,DJ Screw,1996,rap
Ready or Not,Fugees,1996,rap
Nobody (feat. Athena Cage),Keith Sweat,1996,r&b
I Can't Live Without You,Angelique,1996,latin
Vapors,Snoop Dogg,1996,rap
Po Pimp,Do Or Die,1996,rap
Twisted,Keith Sweat,1996,r&b
Cum on Feel the Noize,Quiet Riot,1996,rock
Easy Livin',Uriah Heep,1996,rock
Coco Jamboo - Radio Version,Mr. President,1996,pop
Got to Give It Up,Aaliyah,1996,r&b
Mr. Ice Cream Man,Master P,1996,rap
Barely Breathing,Duncan Sheik,1996,rock
Bailando - Video Edit,Paradisio,1996,pop
Sailin Da South,DJ Screw,1996,rap
You Make Me Feel Like Dancing - Remastered,Leo Sayer,1996,r&b
How Many Mics,Fugees,1996,rap
Blinded By The Light,Manfred Mann's Earth Band,1996,rock
Every Little Thing U Do,Christopher Williams,1996,r&b
I'll Be All You'll Ever Need,Trinere,1997,latin
Make 'Em Say Ugh,Master P,1997,rap
Mary Jane,Scarface,1997,rap
Can't Nobody Hold Me Down (feat. Mase),Diddy,1997,rap
Firestarter,The Prodigy,1997,rock
Handle the Vibe,Bone Thugs-N-Harmony,1997,rap
Been Around the World (feat. The Notorious B.I.G. & Mase),Diddy,1997,rap
"Comprendes, Mendes?",Control Machete,1997,rap
Victory (feat. The Notorious B.I.G. & Busta Rhymes),Diddy,1997,rap
"After Dollars, No Cents",Master P,1997,rap
Lookin' at Me (feat. Puff Daddy),Mase,1997,rap
On & On,Erykah Badu,1997,r&b
Tiburon,Proyecto Uno,1997,latin
"It's All About the Benjamins (feat. The Notorious B.I.G., Lil' Kim & The Lox) - Remix",Diddy,1997,rap
Harana,Parokya Ni Edgar,1997,rock
Asi Son Mis Dias,Control Machete,1997,rap
Into My Arms - 2011 Remastered Version,Nick Cave & The Bad Seeds,1997,rock
There She Goes,Sixpence None The Richer,1997,rock
Pass Me Da Green,Master P,1997,rap
I Miss My Homies,Master P,1997,rap
I'll Be,Edwin McCain,1997,rock
Smartz,Scarface,1997,rap
Breathe,The Prodigy,1997,rock
They're Playing Our Song,Trinere,1997,latin
Control Machete,Control Machete,1997,rap
Stop Hatin,Master P,1997,rap
Southside,Scarface,1997,rap
Dammit,blink-182,1997,rock
Return of the Mack - C&J Extended Mix,Mark Morrison,1997,r&b
Feel so Good,Mase,1997,rap
"Initiated (feat. 2Pac a.k.a. Makaveli, Outlawz & Kurupt Tha Kingpin)",Daz Dillinger,1998,rap
Gimme Three Steps,Lynyrd Skynyrd,1998,rock
Can't Get Enough! - Vocal Club Mix,Soulsearcher,1998,edm
Youth Gone Wild,Skid Row,1998,rock
Anywhere,112,1998,r&b
18 and Life,Skid Row,1998,rock
Simple Man,Lynyrd Skynyrd,1998,rock
Heads High (Kill 'Em With It Re-Mix),Mr. Vegas,1998,latin
Believe,Cher,1998,pop
"Boom, Boom, Boom, Boom!!",Vengaboys,1998,pop
Knockin' Da' Boots,H-Town,1998,r&b
Homies & Thuggs,Scarface,1998,rap
Diamond & Gold,Lil' Troy,1998,rap
Small Time,Lil' Troy,1998,rap
In My Blood,Scarface,1998,rap
So Into You,Tamia,1998,r&b
Magic Man,Heart,1998,rock
One in a Million,The Romantics,1998,rock
Falling for You,Tamia,1998,r&b
Inside Out,Eve 6,1998,rock
She's The One,Robbie Williams,1998,rock
Love Me (feat. Mase),112,1998,r&b
Show Me Love,Tamia,1998,r&b
Baller In The Mix,Lil Keke,1998,rap
"In California (feat. Lady ""V"")",Daz Dillinger,1998,rap
25 Lighters,DJ DMD,1998,rap
Never Gonna Let You Go,Tamia,1998,r&b
C'est La Vie,Robbie Nevil,1998,rock
Never Leave Me Alone,Nate Dogg,1998,rap
Wanna Be A Baller,Lil' Troy,1998,rap
Crazy On You,Heart,1998,rock
Greed,Scarface,1998,rap
Todo a Pulmon,Miguel Rios,1998,rock
We like to Party! (Six Flags),Vengaboys,1998,pop
Love Like This,Faith Evans,1998,r&b
Only You (feat. Notorious B.I.G. and Mase) - Greatest Hits Version,112,1998,rap
2 Real,Scarface,1998,rap
Sweet Home Alabama,Lynyrd Skynyrd,1998,rock
Last Kiss,Pearl Jam,1999,rock
Genie In a Bottle,Christina Aguilera,1999,pop
Ileso,Control Machete,1999,rap
85/Billy Dee Interlude,Youngbloodz,1999,rap
I'm Real - Murder Remix,Jennifer Lopez,1999,r&b
Ain't It Funny - Murder Remix,Jennifer Lopez,1999,r&b
Ain't It Funny - Murder Remix,Jennifer Lopez,1999,r&b
These Eyes - Remastered,The Guess Who,1999,rock
Sandstorm - Radio Edit,Darude,1999,edm
It's Your Thing,The Isley Brothers,1999,rock
Every Morning,Sugar Ray,1999,rock
Smooth (feat. Rob Thomas),Santana,1999,rock
I'm Gonna Be Alright,Jennifer Lopez,1999,r&b
The Bad Touch,Bloodhound Gang,1999,pop
Get A Move On!,Mr. Scruff,1999,edm
La Rosa De Los Vientos,Makiza,1999,latin
Presente,Control Machete,1999,rap
I Want You To Want Me - Soundtrack,Letters To Cleo,1999,rock
Thank You,Dido,1999,rock
Pardon Me - Acoustic,Incubus,1999,latin
Drive - Orchestral Live Version,Incubus,1999,latin
Break Stuff,Limp Bizkit,1999,rock
Esperanza,Control Machete,1999,rap
Infinite Possibilities,Amel Larrieux,1999,r&b
Grita,Control Machete,1999,rap
Sunburn,Muse,1999,rock
Unintended,Muse,1999,rock
Halaga,Parokya Ni Edgar,1999,rock
Got Your Money (feat. Kelis),Ol' Dirty Bastard,1999,rap
Better Off Alone - Hitradio Mix,Alice Deejay,1999,pop
I'm Real - Murder Remix,Jennifer Lopez,1999,r&b
Poison,Bell Biv DeVoe,2000,r&b
Fly Away,Lenny Kravitz,2000,rock
Lay Low,Snoop Dogg,2000,r&b
Rock Candy - Remastered LP Verison,Montrose,2000,rock
Do Me!,Bell Biv DeVoe,2000,r&b
Loser,3 Doors Down,2000,rock
Without You,Lucy Pearl,2000,r&b
One,Fates Warning,2000,rock
Dance Tonight,Lucy Pearl,2000,r&b
American Woman,Lenny Kravitz,2000,rock
City Of Syrup,Big Moe,2000,rap
Mr. Telephone Man,New Edition,2000,r&b
Everyday,Lucy Pearl,2000,r&b
Bad Motor Scooter - Remastered LP Verison,Montrose,2000,rock
Together Forever,Lisette Melendez,2000,latin
Up & Down,Vengaboys,2000,pop
Don't Mess With My Man,Lucy Pearl,2000,r&b
I'm Running,Mary Mary,2000,r&b
Space Station #5 - Remastered,Montrose,2000,rock
Mentirosa,Rafaga,2000,latin
Rie y Llora,Celia Cruz,2000,r&b
Let Me Hold You,Bow Wow,2000,r&b
Sunday Morning,Mary Mary,2000,r&b
Dance Tonight,Lucy Pearl,2000,r&b
I'll Go,Donell Jones,2000,r&b
By My Side,3 Doors Down,2000,rock
Hate To Say I Told You So,The Hives,2000,rock
Kryptonite,3 Doors Down,2000,rock
Hate To Say I Told You So,The Hives,2000,rock
Do It,Rasheeda,2000,rap
He Wasn't Man Enough,Toni Braxton,2000,r&b
Rock the Nation - Remastered,Montrose,2000,rock
Shackles (Praise You),Mary Mary,2000,r&b
Raise Up,Petey Pablo,2001,rap
Get the Party Started,P!nk,2001,pop
Adrienne,The Calling,2001,rock
I Must Be High,South Park Mexican,2001,rap
Hear You Me,Jimmy Eat World,2001,rock
Hey Lady,Central Coast Clique,2001,latin
Kleid Aus Rosen,Subway To Sally,2001,pop
Me Liberé,El Gran Combo De Puerto Rico,2001,latin
Pop Ya Collar,Usher,2001,r&b
Gravel Pit,Wu-Tang Clan,2001,rap
Afro Puffs,The Lady Of Rage,2001,rap
The Middle - Acoustic Version,Jimmy Eat World,2001,latin
Rock The Boat,Aaliyah,2001,r&b
Seelenschmerz,Blutengel,2001,pop
Peaches and Cream,112,2001,r&b
Stay,Eternal,2001,r&b
Don't Hate Me (feat. Twista),112,2001,r&b
Bodies,Drowning Pool,2001,rock
The Middle,Jimmy Eat World,2001,latin
Torete,Moonstar88,2001,rock
Ace Of Spades,Motörhead,2001,rock
Anything,SWV,2001,r&b
7 Days,Craig David,2001,r&b
Little Drummer Boy (feat. Solange),Destiny's Child,2001,r&b
Ghetto Dreams,Fat Pat,2001,rap
Bleed American,Jimmy Eat World,2001,rock
Tops Drop,Fat Pat,2001,rap
Lifetime - Uncut,Maxwell,2001,r&b
Part Time Lover,H-Town,2001,r&b
The Middle,Jimmy Eat World,2001,rock
No More Mr. Nice Guy - Remastered Version,Alice Cooper,2001,rock
Runnin',The Pharcyde,2001,r&b
Feeling Good,Muse,2001,rock
Wherever You Will Go,The Calling,2001,rock
Sweet Child O' Mine,Guns N' Roses,2001,rock
Old Time's Sake,Sweet Sable,2001,r&b
Can We Talk,Tevin Campbell,2001,r&b
Round and Round - Soul Mix Edit,Tevin Campbell,2001,r&b
I Love You,Faith Evans,2001,r&b
Wanna Be A Balla,Fat Pat,2001,rap
214,Rivermaya,2001,rock
Gin and Juice,The Gourds,2001,r&b
Clint Eastwood,Gorillaz,2001,rock
N Luv Wit My Money,Paul Wall,2002,rap
ATL Hoe,Baby D.,2002,rap
Tu Pirata Soy Yo,Chayanne,2002,latin
Eastside Vs. Westside,Baby D.,2002,rap
The Red,Chevelle,2002,rock
Nowhere To Run,Martha Reeves & The Vandellas,2002,rock
Someone To Love You,Ruff Endz,2002,r&b
Feel,Robbie Williams,2002,rock
Like a Stone,Audioslave,2002,rock
Superstition - Single Version,Stevie Wonder,2002,rap
Walk This Way,Hayseed Dixie,2002,r&b
Taxi,J. Blackfoot,2002,rap
Rocksteady,Remy Shand,2002,r&b
She Will Be Loved - Radio Mix,Maroon 5,2002,pop
Do Me!,Bell Biv DeVoe,2002,r&b
Carry on Wayward Son,Kansas,2002,rock
Heard a Word,Michelle Williams,2002,r&b
Try Again,Aaliyah,2002,r&b
Send the Pain Below,Chevelle,2002,rock
This Love,Maroon 5,2002,pop
At This Moment,Billy Vera & The Beaters,2002,rock
Obstacle 1,Interpol,2002,rock
Jenny from the Block (feat. Jadakiss & Styles P.) - Track Masters Remix,Jennifer Lopez,2002,pop
Dark Beat - Original Murk Mix Radio Edit,Oscar G & Ralph Falcon,2002,edm
Te Suelto el Pelo,Yandel,2003,latin
Don't Break My Heart,Safire,2003,latin
Rest In Peace,Brownside,2003,latin
2112 Overture / The Temples Of Syrinx - Chronicles Version,Rush,2003,rock
Calm Like A Bomb,Rage Against The Machine,2003,rap
Bark at the Moon,Ozzy Osbourne,2003,rock
Sureno Vida,Brownside,2003,latin
Working Man,Rush,2003,rock
Fly By Night,Rush,2003,rock
Dembow,Wisin & Yandel,2003,latin
Cell Therapy,Goodie Mob,2003,rap
Crazy Train,Ozzy Osbourne,2003,rock
Hey Ya!,OutKast,2003,latin
Love Calls - Main,Kem,2003,r&b
Paper Airplanes (Makeshift Wings),AFI,2003,rock
Beauty and Madness - 1993,Fra Lippo Lippi,2003,rock
More Than A...,Lisa McClendon,2003,r&b
Summertime,Sam Cooke,2003,r&b
Hey Now,Lisa McClendon,2003,r&b
Dile,Don Omar,2003,latin
Payback,Brownside,2003,latin
Smoker's Paradise,Spanish Fly,2003,latin
Where Are You Tonight,Coro,2003,latin
A Change Is Gonna Come,Sam Cooke,2003,r&b
Has Anybody Seen Love?,Lisa McClendon,2003,r&b
Ignition - Remix,R. Kelly,2003,r&b
Go West - 2003 Remaster,Pet Shop Boys,2003,pop
Shook Ones - Freestyle,Mobb Deep,2003,rap
Bowtie (feat. Sleepy Brown & Jazze Pha),OutKast,2003,rap
Eastside Drama,Brownside,2003,latin
So Gone,Monica,2003,r&b
Roses,OutKast,2003,rap
White Flag,Dido,2003,rock
Love Letter,Giggles,2003,latin
To Dago From LA,Proper Dos,2003,latin
You Really Got Me - 2004 Remaster,Van Halen,2004,rock
Because of You,Kelly Clarkson,2004,pop
Tipsy - Club Mix,J-Kwon,2004,rap
Tu Quieres Duro,"Héctor ""El Father""",2004,latin
Wicked game,HIM,2004,rock
Jump - 2004 Remaster,Van Halen,2004,rock
Boulevard of Broken Dreams,Green Day,2004,rock
Walk Like an Egyptian,The Bangles,2004,pop
Pobre Diabla,Don Omar,2004,latin
A Question of Time - Remix,Depeche Mode,2004,pop
Runnin' with the Devil - 2004 Remaster,Van Halen,2004,rock
Noypi,Bamboo,2004,rock
Last Kiss,Pearl Jam,2004,rock
By Your Side,Silencer,2004,latin
Long Train Runnin',The Doobie Brothers,2004,rock
Live It Up,John Legend,2004,r&b
Let's Get Lifted,John Legend,2004,r&b
Club Foot,Kasabian,2004,rock
Used to Love U,John Legend,2004,r&b
This Love - Acoustic,Maroon 5,2004,latin
Al Natural (feat. Yandel),Tego Calderon,2004,latin
Sunday Morning - Acoustic,Maroon 5,2004,latin
The Yes Yes Show,Parokya Ni Edgar,2004,rock
Panama - 2004 Remaster,Van Halen,2004,rock
Breakaway,Kelly Clarkson,2004,pop
As the Music Plays the Band,Bamboo,2004,rock
Masaya,Bamboo,2004,rock
Harana,Parokya Ni Edgar,2004,rock
Take Me In Your Arms,Lil Suzy,2004,latin
Ordinary People,John Legend,2004,r&b
Saoco,Wisin,2004,latin
1985,Bowling For Soup,2004,rock
Duality,Slipknot,2004,rock
Back on the Road Again,REO Speedwagon,2004,rock
She Will Be Loved - Acoustic,Maroon 5,2004,latin
Why Can't This Be Love - 2004 Remaster,Van Halen,2004,rock
Since U Been Gone,Kelly Clarkson,2004,pop
Take Me Out,Franz Ferdinand,2004,pop
My Happy Ending,Avril Lavigne,2004,rock
"Bump, Bump, Bump",B2K,2004,r&b
For Real,Amel Larrieux,2004,r&b
Keep on Loving You,REO Speedwagon,2004,rock
Deep and Dark,Scorpions,2004,rock
Slither,Velvet Revolver,2004,rock
Number One,John Legend,2004,r&b
Reckless Life (Original Demo Version),Hollywood Rose,2004,rock
Ella Se Fue,Kinto Sol,2005,latin
"Endless, a Silent Whisper",Urbandub,2005,rock
I'm Sprung,T-Pain,2005,rap
The Day You Said Goodnight,Hale,2005,rock
Stand Back,The Allman Brothers Band,2005,rock
Baila Morena - Original Reggaeton Mix,Hector & Tito,2005,latin
Westside Story,The Game,2005,rap
Believe,Raheem DeVaughn,2005,r&b
Soul Survivor,Jeezy,2005,rap
Hey There Delilah,Plain White T's,2005,rock
"Lean Wit It, Rock Wit It - feat. Peanut & Charlay",Dem Franchize Boyz,2005,rap
Quitate Tu Pa Ponerme Yo,Eddie Dee,2005,latin
Get Throwed,Bun B,2005,rap
First of Summer,Urbandub,2005,rock
1 Thing,Amerie,2005,r&b
Bluebird,One Self,2005,r&b
Blue Sky,The Allman Brothers Band,2005,rock
Iron Man,Black Sabbath,2005,rock
What's Up Fatlip,Fatlip,2005,rap
Alipin,Shamrock,2005,rock
Get Stoned,Hinder,2005,rock
Trap House,Gucci Mane,2005,rap
Wasted Words,The Allman Brothers Band,2005,rock
Remedy,Seether,2005,rock
Livin' On The Edge - Acoustic Version,Aerosmith,2005,latin
Munich,Editors,2005,rock
Hate It Or Love It,The Game,2005,rap
A Change Is Gonna Come,Leela James,2005,r&b
Southbound,The Allman Brothers Band,2005,rock
Don't Bring Me Down,Electric Light Orchestra,2005,rock
Black Hearted Woman,The Allman Brothers Band,2005,rock
Go Crazy (Remix),Jeezy,2005,rap
Put You On The Game,The Game,2005,rap
Motor City Madhouse - Edit,Ted Nugent,2005,rock
I'm So Sick,Flyleaf,2005,rock
Si No Cuidas Tu Mujer,Eddie Dee,2005,latin
Love Is The Seventh Wave,The Duhks,2005,r&b
Don't Be So Hard,The Audition,2005,pop
Una Vez Mas,Calle Ciega,2005,latin
Kung Wala Ka,Hale,2005,rock
Felicidad,Gondwana,2005,latin
How We Do,The Game,2005,rap
Ya Estuvo,Dyablo,2005,latin
Big City Life,Mattafix,2005,rap
Unpredictable - Main,Jamie Foxx,2005,r&b
It's Not My Cross To Bear,The Allman Brothers Band,2005,rock
Can't Take It With You,The Allman Brothers Band,2005,rock
Until,Raheem DeVaughn,2005,r&b
Donde Hubo Fuego,Daddy Yankee,2005,latin
Guess Who Loves You More,Raheem DeVaughn,2005,r&b
Westside Story,The Game,2005,rap
Hate It Or Love It,The Game,2005,rap
Bagsakan,Parokya Ni Edgar,2005,rock
Music,Leela James,2005,r&b
You've Made Us Conscious,The Audition,2005,pop
Dancehall Queen (feat. Chevelle Franklyn),Beenie Man,2005,r&b
How We Do,The Game,2005,rap
Here Without You - Acoustic Version,3 Doors Down,2005,latin
Ooh Baby Baby,Lil Rob,2005,latin
Higher,The Game,2005,rap
Can't Fight This Feeling,REO Speedwagon,2005,rock
How Do I Let a Good Man Down?,Sharon Jones & The Dap-Kings,2005,r&b
A las Cosas por Su Nombre,Violadores Del Verso,2006,latin
Eye of the Tiger,Survivor,2006,pop
Working for the Weekend,Loverboy,2006,rock
Hey There Delilah,Plain White T's,2006,rock
A Generation of the lost,Frozen Plasma,2006,pop
The Search Is Over,Survivor,2006,rock
Hey There Delilah,Plain White T's,2006,rock
Young Girl / I Really Like You,Pharrell Williams,2006,r&b
Por Ti,Belanova,2006,pop
Let's Ride,The Game,2006,rap
Scotty Doesn't Know,Lustra,2006,rock
Wild Frontier - Remastered 2002,Gary Moore,2006,rock
Define,Hilera,2006,rock
Narda,Kamikazee,2006,rock
Pride and Joy,Stevie Ray Vaughan,2006,rock
It's Not Over,Daughtry,2006,rock
Just Can't Get Enough - 2006 Digital Remaster,Depeche Mode,2006,pop
It's A Heartache,Bonnie Tyler,2006,rock
Over You,Daughtry,2006,rock
Wicked Game,Chris Isaak,2006,pop
Rosa Pastel,Belanova,2006,pop
Me Pregunto,Belanova,2006,pop
Sugod,Sandwich,2006,rock
I Wanna Love You,Akon,2006,rap
Akin Ka Na Lang,Itchyworms,2006,rock
Gangsta Bop,Akon,2006,rap
Out In The Fields - Remastered 2002,Gary Moore,2006,rock
Still Got The Blues,Gary Moore,2006,rock
Everything Counts - 2006 Digital Remaster,Depeche Mode,2006,pop
Lido Shuffle,Boz Scaggs,2006,rock
Slipping Away (Crier la Vie) [Radio Mix],Moby,2006,rock
Tu Eres Ajena,Frank Reyes,2006,latin
No Te Pido Flores,Fanny Lu,2006,latin
I Can't Hold Back,Survivor,2006,rock
"Pop, Lock & Drop It - Video Edit",Huey,2006,rap
Beer,Itchyworms,2006,rock
I Wanna Love You,Akon,2006,r&b
You Know I'm No Good,Amy Winehouse,2006,r&b
Money in the Bank (feat. Young Buck) - Remix,Lil Scrappy,2006,rap
Home - Acoustic Version,Daughtry,2006,latin
Martyr Nyebera,Kamikazee,2006,rock
Do I,Alice Smith,2006,r&b
I Can't Wait,Nu Shooz,2007,rock
He Said She Said,Ashley Tisdale,2007,pop
Como un lobo (Dueto 2007),Miguel Bosé,2007,pop
The Future Never Dies,Scorpions,2007,rock
Still Tippin' (feat. Slim Thug & Paul Wall),Mike Jones,2007,rap
An End Has a Start,Editors,2007,rock
Trampled Under Foot - 2007 Remastered Version,Led Zeppelin,2007,rock
This Time - Klaas Remix Edit,DJ Antoine,2007,edm
Better in Time,Leona Lewis,2007,edm
Move On Up,The Dynamics,2007,r&b
Sundo,Imago,2007,rock
Humanity,Scorpions,2007,rock
Sweet Dreams,La Bouche,2007,pop
Destination Calabria (Edit),Alex Gaudino,2007,edm
Duffle Bag Boy,Playaz Circle,2007,rap
Why Do You Love Me,Garbage,2007,rock
Fake It,Seether,2007,rock
Rise up - Club mix,Yves Larock,2007,edm
Standing In The Way Of Control,Gossip,2007,rock
My 64 (feat. Bun B & Snoop Dogg),Mike Jones,2007,rap
Go Getta - (Explicit),Jeezy,2007,rap
Golden Skans,Klaxons,2007,rock
Hot In Herre,Jenny Owen Youngs,2007,r&b
Ride Wit Me - Album Version (Edited),Nelly,2007,pop
Destillat - VNV Nation Remix,Das Ich,2007,pop
"Nuthin' But A ""G"" Thang",Dr. Dre,2007,rap
Smokers Outside the Hospital Doors,Editors,2007,rock
México Lindo y Bandido,Cartel De Santa,2007,rap
FMLYHM,Seether,2007,rock
Todos Me Miran,Gloria Trevi,2007,latin
Bleeding Love,Leona Lewis,2007,pop
I Follow Rivers,Lykke Li,2008,pop
"Ain't 2 Proud 2 Beg - U.S. 7"" Edit",TLC,2008,r&b
Sandmann,OOMPH!,2008,pop
Stay My Baby,Miranda Cosgrove,2008,pop
If You Run,You Me At Six,2008,pop
So What,P!nk,2008,pop
Save It For The Bedroom,You Me At Six,2008,pop
On my shoulders,The Dø,2008,rock
Hot N Cold,Katy Perry,2008,pop
Gossip,You Me At Six,2008,pop
Na De Na,Angel Y Khriz,2008,latin
Kiss And Tell,You Me At Six,2008,pop
Feels like the First Time - 2008 Remaster,Foreigner,2008,rock
Stepping Stone,Duffy,2008,r&b
If I Were In Your Shoes,You Me At Six,2008,pop
Always Attract,You Me At Six,2008,pop
Take Off Your Colours,You Me At Six,2008,pop
Oh No,Andrew Bird,2008,pop
Make It Rain,The Audition,2008,pop
Finders Keepers,You Me At Six,2008,pop
The Waitress Song,Seth Sentry,2008,r&b
No Me Doy Por Vencido,Luis Fonsi,2008,latin
Syrup & Honey,Duffy,2008,r&b
"Free Fallin' - Live at the Nokia Theatre, Los Angeles, CA - December 2007",John Mayer,2008,latin
Milkshake,Kelis,2008,rap
Nobody Does It Better,Carly Simon,2008,rock
Paris (Aeroplane Remix),Friendly Fires,2008,pop
Breaking the Law,Judas Priest,2008,rock
Don,Miranda!,2008,latin
Barracuda,Heart,2008,rock
Concrete Schoolyard,Jurassic 5,2008,r&b
Got Your Money,Ol' Dirty Bastard,2008,rap
Warwick Avenue,Duffy,2008,r&b
Sweet Feet,You Me At Six,2008,pop
The Rumour,You Me At Six,2008,pop
Jealous Minds Think Alike,You Me At Six,2008,pop
Warm Me Up,The Audition,2008,pop
Call That A Comeback,You Me At Six,2008,pop
El Beso,Jotdog,2009,pop
Rain,Status Quo,2009,rock
Kandi,One Eskimo,2009,r&b
Rockin' All Over The World,Status Quo,2009,rock
Permitame (feat. Yandel),Tony Dize,2009,latin
She's Finding Me Out,The Friday Night Boys,2009,pop
Los Angeles,The Audition,2009,pop
Daylight,Matt and Kim,2009,pop
Just Ain't Gonna Work Out,Mayer Hawthorne,2009,r&b
Iron Man,Black Sabbath,2009,rock
Whatever You Want,Status Quo,2009,rock
Prrrum - Remix,Cosculluela,2009,latin
Colgando en tus manos (con Marta Sánchez),Carlos Baute,2009,latin
Hasta Contar a Mil,Jotdog,2009,pop
Swimming In The Flood,Passion Pit,2009,pop
Amazing,One Eskimo,2009,r&b
You're Going Down,Sick Puppies,2009,rock
Bad Romance,Lady Gaga,2009,pop
This Girl (feat. Kylie Auldist),Cookin' On 3 Burners,2009,r&b
Stupid Love Letter,The Friday Night Boys,2009,pop
My Temperature Is Rising,The Audition,2009,pop
Love With a Motive,The Audition,2009,pop
Bad Romance - Live,Thirty Seconds To Mars,2009,latin
Psychic City - Classixx Remix,YACHT,2009,pop
God & Country,FGFC820,2009,pop
All the Pretty Girls,fun.,2009,pop
A Warrior's Call,Volbeat,2010,rock
Es un Secreto,Plan B,2010,latin
Sprawl II (Mountains Beyond Mountains),Arcade Fire,2010,pop
Love Will Tear Us Apart - 2010 Remaster,Joy Division,2010,pop
The Wizard,Uriah Heep,2010,rock
Pensando en Ti,Canserbero,2010,rock
Dandole Remix,Omega,2010,latin
Pass Out,Tinie Tempah,2010,pop
Carry on Wayward Son,Kansas,2010,rock
The Suburbs,Arcade Fire,2010,rock
Your Love Is My Drug,Kesha,2010,pop
Gingerbread Man,Dirty Honkers,2010,edm
Si No Le Contesto,Plan B,2010,latin
Dark Allies,Light Asylum,2010,pop
Hit 'Em up Style,Carolina Chocolate Drops,2010,r&b
My Life,Billy Joel,2010,rock
Ostblocknutten,Kollegah,2010,rap
You May Be Right,Billy Joel,2010,rock
In Your Arms,Kina Grannis,2010,pop
Transmission - 2010 Remaster,Joy Division,2010,rock
TiK ToK,Kesha,2010,pop
Sometimes,Miami Horror,2010,pop
Atmosphere - 2010 Remaster,Joy Division,2010,rock
Tante Lien,De Jeugd Van Tegenwoordig,2010,rap
Estar Enamorado,Golpe a Golpe,2010,latin
Lights - Single Version,Ellie Goulding,2010,latin
Misery - Acoustic Version,Maroon 5,2010,latin
You Don't Know How Lucky You Are,Keaton Henson,2010,r&b
Moves Like Jagger - Studio Recording From The Voice Performance,Maroon 5,2010,pop
Moves Like Jagger - Studio Recording From The Voice Performance,Maroon 5,2010,pop
Psychic Driving,Soft Metals,2011,pop
Under and Over It,Five Finger Death Punch,2011,rock
Wanted,Hunter Hayes,2011,latin
Midnight City,M83,2011,pop
My Body,Young the Giant,2011,pop
Lessons In Love (feat. Neon Trees),Kaskade,2011,edm
Power,Pompeya,2011,r&b
Cough Syrup,Young the Giant,2011,pop
What You Want,Evanescence,2011,rock
No Beef,Afrojack,2011,edm
I Follow Rivers,Lykke Li,2011,pop
Una Vaina Loca,Fuego,2011,latin
Tacata' - Radio Edit,Tacabro,2011,latin
Querida,Juan Gabriel,2011,latin
Turn It Down (with Rebecca & Fiona) - Radio Edit,Kaskade,2011,edm
Angel With A Shotgun,The Cab,2011,pop
Cinema (feat. Gary Go) - Radio Edit,Benny Benassi,2011,pop
Great Southern Land - Remastered,ICEHOUSE,2011,pop
17,Youth Lagoon,2011,pop
Bossaura,Kollegah,2011,rap
Army of Two,Olly Murs,2011,edm
Rattle - Original Mix,Bingo Players,2011,pop
99 Problems,Hugo,2011,r&b
All In My Head,Tori Kelly,2012,r&b
Looking Back - Walden Remix,The Only,2012,edm
Conquista,Jerau,2012,latin
Crazy Swing,!deladap,2012,edm
Losing You,Solange,2012,r&b
El Toque del Amor,Dragon & Caballero,2012,latin
The Recipe - Bonus Track,Kendrick Lamar,2012,rap
Push Play,Zedd,2012,edm
Stay The Night - Featuring Hayley Williams Of Paramore,Zedd,2012,edm
Pursuit of Happiness - Steve Aoki Remix,Kid Cudi,2012,edm
Poetic Justice,Kendrick Lamar,2012,rap
Stay The Night - Featuring Hayley Williams Of Paramore,Zedd,2012,pop
She,Elvis Costello,2012,rock
Backseat Freestyle,Kendrick Lamar,2012,rap
Timber (feat. Ke$ha),Pitbull,2012,pop
Yo Se Que Tu Quieres (feat. Ñengo Flow),Sammy & Falsetto,2012,latin
Every Day - Radio Edit,Eric Prydz,2012,edm
Billie Jean,The Civil Wars,2012,r&b
Turbulence - Radio Edit,Steve Aoki,2012,edm
Crystallize,Lindsey Stirling,2012,pop
Elements,Lindsey Stirling,2012,pop
Classic,MKTO,2012,pop
Dreamers,Savoir Adore,2012,pop
Kid A,Punch Brothers,2012,r&b
Faith - Radio Edit,Blasterjaxx,2013,edm
Chartreuse,Capital Cities,2013,pop
Ghost,Motorama,2013,rock
Jeepney,Sponge Cola,2013,rock
Kangaroo Court,Capital Cities,2013,pop
Thinking out Loud,Ed Sheeran,2013,pop
Gemini,Sponge Cola,2013,rock
Get Up (Rattle) - Vocal Edit,Bingo Players,2013,edm
Like Home - Radio Mix,Nicky Romero,2013,edm
Photograph,Ed Sheeran,2013,pop
Mystica - Original Mix,Blasterjaxx,2013,edm
Bring It,Trapt,2013,rock
Wind In Her Hair,Motorama,2013,rock
Safe And Sound,Capital Cities,2013,pop
Paris,Magic Man,2013,pop
Safe And Sound,Capital Cities,2013,pop
Love Hate Relationship,Trapt,2013,rock
Klsp,Sponge Cola,2013,rock
Alps,Motorama,2013,rock
Safe And Sound - Dzeko And Torres’ Digital Dreamin Remix,Capital Cities,2013,edm
Kannste ma sehn,Baba Saad,2014,rap
Shake The Earth (feat. Lyon Hart) (OLWIK Remix),Elephante,2014,edm
All I Ever Need,Austin Mahone,2014,pop
I Got U - Radio Edit,Duke Dumont,2014,latin
Buy U a Drank (Shawty Snappin'),T-Pain,2014,r&b
Biggest Joke Of All,Fatima,2014,r&b
Mmm Yeah (feat. Pitbull),Austin Mahone,2014,pop
Locket,Kilo Kish,2014,r&b
Kidnap Me,CRUISR,2014,pop
My Demons,STARSET,2014,rock
What About Love,Austin Mahone,2014,pop
Crazy Train,Ozzy Osbourne,2014,rock
Mama Ain't Proud,Guy Sebastian,2014,latin
Runaway - Maths Time Joy Remix,Electric Youth,2014,pop
All Over,CRUISR,2014,pop
Sunset Lover,Petit Biscuit,2015,pop
See You Again (feat. Charlie Puth),Wiz Khalifa,2015,pop
Affection,Cigarettes After Sex,2015,pop
Burning House (feat. Aaron Krause),EZA,2015,pop
The Sun - Klingande Remix Radio Edit,Parov Stelar,2015,latin
Spark,Kasket Club,2015,pop
Say My Name - Remix Edit,ODESZA,2015,latin
Vanille fraise,L'Impératrice,2015,rock
I Would Like,Zara Larsson,2016,pop
Levantando Bandera,Remik Gonzalez,2016,rap
Chantaje,Shakira,2016,latin
Hear Me Now,Alok,2016,pop
Magic City,Wahlstedt,2016,edm
The Greatest,Sia,2016,pop
Play That Song,Train,2016,pop
"Wicked Game - Recorded Live at St Canice Cathedral, Kilkenny",James Vincent McMorrow,2016,r&b
Kill Jill,Big Boi,2017,rap
Unforgettable,French Montana,2017,pop
Bae - KVR Remix,Marcus & Martinus,2017,latin
In the Morning,Jaded,2017,edm
Lost in the Fire,Gesaffelstein,2019,pop